colour	x	y	showSelectedlegendcolour	PANEL
#0000FF	3	0.0766676255297019	subtrain	1
#00BFFF	2.47275644931721	0.29428238675934	validation	1
#0000FF	3	0.00500898621633839	subtrain	2
#00BFFF	1.41497334797082	0.293828762977759	validation	2
