x	y	label	PANEL	group
2.47275644931721	0.29428238675934	maxit=297	1	-1
1.41497334797082	0.293828762977759	maxit=26	2	-1
